BugID	Path
10394140	Windows Phone Blue\Experiences\RealWorld\Persona\Greetings
10424674	Windows Phone Blue\Experiences\RealWorld\Persona\Greetings
10464326	Windows Phone Blue\Experiences\RealWorld\Persona\Greetings
10493702	Windows Phone Blue\Experiences\RealWorld\Persona\Greetings
10494733	Windows Phone Blue\Experiences\RealWorld\Persona\Greetings
10497229	Windows Phone Blue\Experiences\RealWorld\Persona\Greetings
10509822	Windows Phone Blue\Experiences\RealWorld\Persona\Greetings
10563389	Windows Phone Blue\Experiences\RealWorld\Persona\Greetings
10580025	Windows Phone Blue\Experiences\RealWorld\Persona\Greetings
10601766	Windows Phone Blue\Experiences\RealWorld\Persona\Greetings
10610468	Windows Phone Blue\Experiences\RealWorld\Persona\Greetings
10620504	Windows Phone Blue\Experiences\RealWorld\Persona\Greetings
10661239	Windows Phone Blue\Experiences\RealWorld\Persona\Greetings
10674765	Windows Phone Blue\Experiences\RealWorld\Persona\Greetings
10680799	Windows Phone Blue\Experiences\RealWorld\Persona\Greetings
10682133	Windows Phone Blue\Experiences\RealWorld\Persona\Greetings
10712765	Windows Phone Blue\Experiences\RealWorld\Persona\Greetings
10738718	Windows Phone Blue\Experiences\RealWorld\Persona\Greetings
10782106	Windows Phone Blue\Experiences\RealWorld\Persona\Greetings